,Tutorium|Test|Cancelled,CourseType,CourseNumber,Registered,HourOfDay,Lecture,AvgOccupancy,DayOfWeek,StudyArea,Exam,Weather
Tutorium|Test|Cancelled,1.0,0.95238,0.95238,0.66667,0.52381,0.47619,0.47619,0.38095,0.19048,0.0,0.0
CourseType,1.0,1.0,0.95,0.65,0.5,0.45,0.5,0.4,0.15,0.0,0.0
CourseNumber,1.0,0.95,1.0,0.65,0.5,0.5,0.5,0.35,0.15,0.0,0.0
Registered,1.0,0.92857,0.92857,1.0,0.5,0.35714,0.42857,0.42857,0.28571,0.0,0.0
HourOfDay,1.0,0.90909,0.90909,0.63636,1.0,0.45455,0.45455,0.45455,0.18182,0.0,0.0
Lecture,1.0,0.9,1.0,0.5,0.5,1.0,0.5,0.3,0.3,0.0,0.0
AvgOccupancy,1.0,1.0,1.0,0.6,0.5,0.5,1.0,0.3,0.0,0.0,0.0
DayOfWeek,1.0,1.0,0.875,0.75,0.625,0.375,0.375,1.0,0.25,0.0,0.0
StudyArea,1.0,0.75,0.75,1.0,0.5,0.75,0.0,0.5,1.0,0.0,0.0
Exam,0.0,0.0,0.0,0.0,0.0,0.0,0.0,0.0,0.0,0.0,0.0
Weather,0.0,0.0,0.0,0.0,0.0,0.0,0.0,0.0,0.0,0.0,0.0
